{
  "exported_at": "2025-11-04T22:05:14.082443",
  "system": "SENE",
  "total_structured_logs": 23,
  "performance_metrics": [],
  "structured_logs": [
    {
      "timestamp": "2025-11-04T21:42:36.684985",
      "level": "INFO",
      "message": "SENE system started",
      "data": {
        "config": "Self-Evolving Neural Entity"
      },
      "module": "main"
    },
    {
      "timestamp": "2025-11-04T21:42:39.344542",
      "level": "INFO",
      "message": "Text command received",
      "data": {
        "command": "start training"
      },
      "module": "main"
    },
    {
      "timestamp": "2025-11-04T21:42:39.350017",
      "level": "INFO",
      "message": "Executing action",
      "data": {
        "action": "start_training_session",
        "parameters": {
          "environment": "cartpole",
          "episodes": 1000
        }
      },
      "module": "main"
    },
    {
      "timestamp": "2025-11-04T21:42:39.353148",
      "level": "INFO",
      "message": "Training worker started",
      "data": {},
      "module": "main"
    },
    {
      "timestamp": "2025-11-04T21:42:39.353959",
      "level": "INFO",
      "message": "Training started",
      "data": {
        "environment": "cartpole"
      },
      "module": "main"
    },
    {
      "timestamp": "2025-11-04T21:42:39.507289",
      "level": "INFO",
      "message": "Training progress",
      "data": {
        "episode": 0,
        "reward": 13.0,
        "performance": 0.026
      },
      "module": "main"
    },
    {
      "timestamp": "2025-11-04T21:43:30.242321",
      "level": "INFO",
      "message": "Training progress",
      "data": {
        "episode": 100,
        "reward": 79.0,
        "performance": 0.158
      },
      "module": "main"
    },
    {
      "timestamp": "2025-11-04T21:48:21.218566",
      "level": "INFO",
      "message": "Text command received",
      "data": {
        "command": "show network architecture"
      },
      "module": "main"
    },
    {
      "timestamp": "2025-11-04T21:48:21.220660",
      "level": "INFO",
      "message": "Executing action",
      "data": {
        "action": "get_network_information",
        "parameters": {
          "detail_level": "full"
        }
      },
      "module": "main"
    },
    {
      "timestamp": "2025-11-04T21:48:36.844149",
      "level": "INFO",
      "message": "Text command received",
      "data": {
        "command": "system status"
      },
      "module": "main"
    },
    {
      "timestamp": "2025-11-04T21:48:36.844149",
      "level": "INFO",
      "message": "Executing action",
      "data": {
        "action": "get_system_status",
        "parameters": {
          "include_performance": true
        }
      },
      "module": "main"
    },
    {
      "timestamp": "2025-11-04T21:48:45.167919",
      "level": "INFO",
      "message": "Auto-evolution triggered",
      "data": {
        "evolution_message": "Evolution #1: Applied 2 operations"
      },
      "module": "main"
    },
    {
      "timestamp": "2025-11-04T21:48:45.721116",
      "level": "INFO",
      "message": "Training progress",
      "data": {
        "episode": 200,
        "reward": 28.0,
        "performance": 0.056
      },
      "module": "main"
    },
    {
      "timestamp": "2025-11-04T21:49:11.627291",
      "level": "INFO",
      "message": "Text command received",
      "data": {
        "command": "show network architecture"
      },
      "module": "main"
    },
    {
      "timestamp": "2025-11-04T21:49:11.627291",
      "level": "INFO",
      "message": "Executing action",
      "data": {
        "action": "get_network_information",
        "parameters": {
          "detail_level": "full"
        }
      },
      "module": "main"
    },
    {
      "timestamp": "2025-11-04T21:49:23.426774",
      "level": "INFO",
      "message": "Text command received",
      "data": {
        "command": "system status"
      },
      "module": "main"
    },
    {
      "timestamp": "2025-11-04T21:49:23.426774",
      "level": "INFO",
      "message": "Executing action",
      "data": {
        "action": "get_system_status",
        "parameters": {
          "include_performance": true
        }
      },
      "module": "main"
    },
    {
      "timestamp": "2025-11-04T21:51:11.999788",
      "level": "INFO",
      "message": "Training progress",
      "data": {
        "episode": 300,
        "reward": 222.0,
        "performance": 0.444
      },
      "module": "main"
    },
    {
      "timestamp": "2025-11-04T21:56:52.672465",
      "level": "INFO",
      "message": "Auto-evolution triggered",
      "data": {
        "evolution_message": "Evolution #2: Applied 1 operations"
      },
      "module": "main"
    },
    {
      "timestamp": "2025-11-04T21:56:53.135812",
      "level": "INFO",
      "message": "Training progress",
      "data": {
        "episode": 400,
        "reward": 27.0,
        "performance": 0.054
      },
      "module": "main"
    },
    {
      "timestamp": "2025-11-04T22:00:42.791707",
      "level": "INFO",
      "message": "Training progress",
      "data": {
        "episode": 500,
        "reward": 202.0,
        "performance": 0.404
      },
      "module": "main"
    },
    {
      "timestamp": "2025-11-04T22:05:14.062227",
      "level": "INFO",
      "message": "Stopping SENE system",
      "data": {},
      "module": "main"
    },
    {
      "timestamp": "2025-11-04T22:05:14.082443",
      "level": "INFO",
      "message": "Training completed",
      "data": {
        "total_episodes": 569
      },
      "module": "main"
    }
  ]
}